{"cameraMode":{"drawMode":0,"name":"Shaded","section":"Shading Mode"},"sceneLighting":true,"audioPlay":false,"sceneViewState":{"showFog":true,"showMaterialUpdate":false,"showSkybox":true,"showFlares":true,"showImageEffects":true,"showParticleSystems":true},"in2DMode":false,"pivot":{"x":297.4643859863281,"y":166.9005126953125,"z":-63.830108642578128},"rotation":{"x":0.3129408657550812,"y":-0.011402302421629429,"z":0.0037564700469374658,"w":0.9497036933898926},"size":749.4046630859375,"orthographic":false}