{"cameraMode":{"drawMode":0,"name":"Shaded","section":"Shading Mode"},"sceneLighting":false,"audioPlay":false,"sceneViewState":{"showFog":true,"showMaterialUpdate":false,"showSkybox":false,"showFlares":true,"showImageEffects":true,"showParticleSystems":true},"in2DMode":false,"pivot":{"x":-6.796360015869141,"y":9.325543403625489,"z":4.5242414474487309},"rotation":{"x":0.23147454857826234,"y":0.5904661417007446,"z":-0.18188193440437318,"w":0.7514613270759583},"size":17.605817794799806,"orthographic":false}