{"cameraMode":{"drawMode":0,"name":"Shaded","section":"Shading Mode"},"sceneLighting":false,"audioPlay":false,"sceneViewState":{"showFog":true,"showMaterialUpdate":false,"showSkybox":false,"showFlares":true,"showImageEffects":true,"showParticleSystems":true},"in2DMode":false,"pivot":{"x":-5.3885345458984379,"y":10.904350280761719,"z":5.418229579925537},"rotation":{"x":0.11698400974273682,"y":0.6997987031936646,"z":-0.11782683432102204,"w":0.6947814226150513},"size":22.195100784301759,"orthographic":false}