{"cameraMode":{"drawMode":0,"name":"Shaded","section":"Shading Mode"},"sceneLighting":false,"audioPlay":false,"sceneViewState":{"showFog":true,"showMaterialUpdate":false,"showSkybox":false,"showFlares":true,"showImageEffects":true,"showParticleSystems":true},"in2DMode":false,"pivot":{"x":17.812156677246095,"y":16.571029663085939,"z":-3.136962890625},"rotation":{"x":0.17696183919906617,"y":-3.160263588597445e-7,"z":-4.5932594616715507e-7,"w":0.9842205047607422},"size":247.07005310058595,"orthographic":false}