{"cameraMode":{"drawMode":0,"name":"Shaded","section":"Shading Mode"},"sceneLighting":false,"audioPlay":false,"sceneViewState":{"showFog":true,"showMaterialUpdate":false,"showSkybox":true,"showFlares":true,"showImageEffects":true,"showParticleSystems":true},"in2DMode":false,"pivot":{"x":172.7212677001953,"y":149.98355102539063,"z":23.354156494140626},"rotation":{"x":-0.11105680465698242,"y":-0.020275479182600976,"z":0.0022661371622234585,"w":-0.9936051368713379},"size":529.866943359375,"orthographic":false}