{"cameraMode":{"drawMode":0,"name":"Shaded","section":"Shading Mode"},"sceneLighting":false,"audioPlay":false,"sceneViewState":{"showFog":true,"showMaterialUpdate":false,"showSkybox":true,"showFlares":true,"showImageEffects":true,"showParticleSystems":true},"in2DMode":false,"pivot":{"x":6.661765098571777,"y":5.272083282470703,"z":1.8093845844268799},"rotation":{"x":-0.08040698617696762,"y":0.11131051182746887,"z":-0.00903250277042389,"w":-0.9905009269714356},"size":4.332755088806152,"orthographic":false}