{"cameraMode":{"drawMode":0,"name":"Shaded","section":"Shading Mode"},"sceneLighting":false,"audioPlay":false,"sceneViewState":{"showFog":true,"showMaterialUpdate":false,"showSkybox":false,"showFlares":true,"showImageEffects":true,"showParticleSystems":true},"in2DMode":false,"pivot":{"x":0.08093595504760742,"y":1.7379982471466065,"z":-0.194749653339386},"rotation":{"x":0.333371639251709,"y":0.5444585680961609,"z":-0.24924640357494355,"w":0.7282284498214722},"size":5.172430992126465,"orthographic":false}