{"cameraMode":{"drawMode":0,"name":"Shaded","section":"Shading Mode"},"sceneLighting":false,"audioPlay":false,"sceneViewState":{"showFog":true,"showMaterialUpdate":false,"showSkybox":true,"showFlares":true,"showImageEffects":true,"showParticleSystems":true},"in2DMode":false,"pivot":{"x":0.35938024520874026,"y":2.7326560020446779,"z":0.5812747478485107},"rotation":{"x":-0.255953848361969,"y":0.33029431104660036,"z":-0.0935468077659607,"w":-0.9036980867385864},"size":4.913847923278809,"orthographic":false}