{"cameraMode":{"drawMode":0,"name":"Shaded","section":"Shading Mode"},"sceneLighting":false,"audioPlay":false,"sceneViewState":{"showFog":true,"showMaterialUpdate":false,"showSkybox":false,"showFlares":true,"showImageEffects":true,"showParticleSystems":true},"in2DMode":false,"pivot":{"x":207.49168395996095,"y":219.56649780273438,"z":6.8687744140625},"rotation":{"x":0.31862738728523257,"y":0.012790646404027939,"z":-0.004300698637962341,"w":0.9477909207344055},"size":552.1019897460938,"orthographic":false}