{"cameraMode":{"drawMode":0,"name":"Shaded","section":"Shading Mode"},"sceneLighting":true,"audioPlay":false,"sceneViewState":{"showFog":true,"showMaterialUpdate":false,"showSkybox":true,"showFlares":true,"showImageEffects":true,"showParticleSystems":true},"in2DMode":false,"pivot":{"x":117.2118911743164,"y":258.38916015625,"z":-136.00991821289063},"rotation":{"x":0.26173317432403567,"y":-0.1441081464290619,"z":0.03955669328570366,"w":0.9535021781921387},"size":682.7556762695313,"orthographic":false}