{"cameraMode":{"drawMode":0,"name":"Shaded","section":"Shading Mode"},"sceneLighting":false,"audioPlay":false,"sceneViewState":{"showFog":true,"showMaterialUpdate":false,"showSkybox":true,"showFlares":true,"showImageEffects":true,"showParticleSystems":true},"in2DMode":false,"pivot":{"x":173.7935791015625,"y":381.9866943359375,"z":158.53826904296876},"rotation":{"x":-0.20405666530132295,"y":0.005294958595186472,"z":-0.0011012745089828969,"w":-0.9789581894874573},"size":1067.9781494140625,"orthographic":false}