{"cameraMode":{"drawMode":0,"name":"Shaded","section":"Shading Mode"},"sceneLighting":false,"audioPlay":false,"sceneViewState":{"showFog":true,"showMaterialUpdate":false,"showSkybox":false,"showFlares":true,"showImageEffects":true,"showParticleSystems":true},"in2DMode":false,"pivot":{"x":0.021695852279663087,"y":0.04774594306945801,"z":-0.3772817850112915},"rotation":{"x":0.40030500292778017,"y":-0.3439374268054962,"z":0.16524972021579743,"w":0.8331611156463623},"size":10.15944766998291,"orthographic":false}