{"cameraMode":{"drawMode":0,"name":"Shaded","section":"Shading Mode"},"sceneLighting":false,"audioPlay":false,"sceneViewState":{"showFog":true,"showMaterialUpdate":false,"showSkybox":true,"showFlares":true,"showImageEffects":true,"showParticleSystems":true},"in2DMode":false,"pivot":{"x":-2.423656940460205,"y":6.293365001678467,"z":1.357219934463501},"rotation":{"x":-0.3273988664150238,"y":-0.18596366047859193,"z":0.06589104235172272,"w":-0.9240754842758179},"size":9.113316535949707,"orthographic":false}