{"cameraMode":{"drawMode":0,"name":"Shaded","section":"Shading Mode"},"sceneLighting":true,"audioPlay":false,"sceneViewState":{"showFog":true,"showMaterialUpdate":false,"showSkybox":true,"showFlares":true,"showImageEffects":true,"showParticleSystems":true},"in2DMode":false,"pivot":{"x":2.859097719192505,"y":0.6486635208129883,"z":1.7032355070114136},"rotation":{"x":0.1952843815088272,"y":0.6910252571105957,"z":-0.2026863545179367,"w":0.6657888293266296},"size":7.858204364776611,"orthographic":false}