{"cameraMode":{"drawMode":0,"name":"Shaded","section":"Shading Mode"},"sceneLighting":false,"audioPlay":false,"sceneViewState":{"showFog":true,"showMaterialUpdate":false,"showSkybox":true,"showFlares":true,"showImageEffects":true,"showParticleSystems":true},"in2DMode":false,"pivot":{"x":-1.6520919799804688,"y":5.051630973815918,"z":-5.878015518188477},"rotation":{"x":0.19718030095100404,"y":-0.2667262852191925,"z":0.05584660917520523,"w":0.941734254360199},"size":21.696231842041017,"orthographic":false}