{"cameraMode":{"drawMode":0,"name":"Shaded","section":"Shading Mode"},"sceneLighting":true,"audioPlay":false,"sceneViewState":{"showFog":true,"showMaterialUpdate":false,"showSkybox":true,"showFlares":true,"showImageEffects":true,"showParticleSystems":true},"in2DMode":false,"pivot":{"x":2.6869640350341799,"y":3.136730194091797,"z":0.8673887252807617},"rotation":{"x":0.19911959767341615,"y":0.7498077154159546,"z":-0.25960448384284975,"w":0.5751121044158936},"size":24.166223526000978,"orthographic":false}